what,kind,bundleId,bundleVersion,description,time
stopped,bundle,org.eclipse.jst.j2ee.navigator.ui,1.1.301.v201001252130,"org.eclipse.jst.j2ee.navigator.ui",1277282084100
stopped,bundle,org.eclipse.jst.j2ee.jca.ui,1.1.300.v200809052300,"org.eclipse.jst.j2ee.jca.ui",1277282084100
stopped,bundle,org.eclipse.jpt.eclipselink.ui,1.2.0.v200905310000,"org.eclipse.jpt.eclipselink.ui",1277282084100
stopped,bundle,org.eclipse.jpt.ui,2.2.2.v200911250220,"org.eclipse.jpt.ui",1277282084100
stopped,bundle,org.eclipse.jst.j2ee.ui,1.1.301.v201001252130,"org.eclipse.jst.j2ee.ui",1277282084100
stopped,bundle,org.eclipse.wst.web.ui,1.1.301.v201001252130,"org.eclipse.wst.web.ui",1277282084100
stopped,bundle,org.eclipse.wst.html.ui,1.0.401.v200908111935,"org.eclipse.wst.html.ui",1277282084100
stopped,bundle,org.eclipse.wst.css.ui,1.0.401.v200907171457,"org.eclipse.wst.css.ui",1277282084100
stopped,bundle,org.eclipse.wst.xsl.ui,1.0.100.v200907172129,"org.eclipse.wst.xsl.ui",1277282084100
stopped,bundle,org.eclipse.wst.xml.xpath.ui,1.0.0.v200904240436,"org.eclipse.wst.xml.xpath.ui",1277282084100
stopped,bundle,org.eclipse.wst.xsl.debug.ui,1.0.0.v200904240436,"org.eclipse.wst.xsl.debug.ui",1277282084100
stopped,bundle,org.springframework.ide.eclipse.beans.ui.editor,2.2.0.v200809261800,"org.springframework.ide.eclipse.beans.ui.editor",1277282084100
stopped,bundle,org.eclipse.iam.pomxmleditor,0.11.0.201001181900,"org.eclipse.iam.pomxmleditor",1277282084100
stopped,bundle,org.eclipse.jst.jsf.facesconfig.ui,1.1.6.v20100203,"org.eclipse.jst.jsf.facesconfig.ui",1277282084100
stopped,bundle,org.eclipse.wst.xml.ui,1.1.2.v201001222130,"org.eclipse.wst.xml.ui",1277282084100
stopped,bundle,org.eclipse.wst.common.ui,1.1.402.v200901262305,"org.eclipse.wst.common.ui",1277282084100
stopped,bundle,org.springframework.ide.eclipse.beans.ui.search,2.2.0.v200809261800,"org.springframework.ide.eclipse.beans.ui.search",1277282084100
stopped,bundle,org.springframework.ide.eclipse.beans.ui.graph,2.2.0.v200809261800,"org.springframework.ide.eclipse.beans.ui.graph",1277282084100
stopped,bundle,org.springframework.ide.eclipse.beans.ui,2.2.0.v200809261800,"org.springframework.ide.eclipse.beans.ui",1277282084100
stopped,bundle,org.springframework.ide.eclipse.beans.core,2.2.0.v200809261800,"org.springframework.ide.eclipse.beans.core",1277282084108
stopped,bundle,org.springframework.ide.eclipse.ui,2.2.0.v200809261800,"org.springframework.ide.eclipse.ui",1277282084108
stopped,bundle,org.springframework.ide.eclipse.core,2.2.0.v200809261800,"org.springframework.ide.eclipse.core",1277282084108
stopped,bundle,org.eclipse.dltk.ruby.formatter,1.0.0.v20090617-1157,"org.eclipse.dltk.ruby.formatter",1277282084108
stopped,bundle,org.eclipse.dltk.ruby.ui,1.0.0.v20091111-1837,"org.eclipse.dltk.ruby.ui",1277282084108
stopped,bundle,org.eclipse.dltk.formatter,1.0.1.v20090903-2153,"org.eclipse.dltk.formatter",1277282084109
stopped,bundle,org.eclipse.dltk.ui,1.0.2.v20100209-1928,"org.eclipse.dltk.ui",1277282084109
stopped,bundle,org.eclipse.iam.search.ui,0.11.0.201001181900,"org.eclipse.iam.search.ui",1277282084109
stopped,bundle,org.eclipse.jst.common.annotations.ui,1.1.102.v200806010600,"org.eclipse.jst.common.annotations.ui",1277282084109
stopped,bundle,org.eclipse.jst.j2ee.ejb.annotations.emitter,1.1.102.v200805140135,"org.eclipse.jst.j2ee.ejb.annotations.emitter",1277282084109
stopped,bundle,org.eclipse.jst.jsf.common.ui,1.1.1.v20081209,"org.eclipse.jst.jsf.common.ui",1277282084109
stopped,bundle,org.eclipse.jst.ws.axis2.ui,1.0.302.v200905260749,"org.eclipse.jst.ws.axis2.ui",1277282084109
stopped,bundle,org.eclipse.jst.ws.uddiregistry,1.0.400.v200901261650,"org.eclipse.jst.ws.uddiregistry",1277282084110
stopped,bundle,org.eclipse.jst.ws.ui,1.0.402.v200903111822,"org.eclipse.jst.ws.ui",1277282084110
stopped,bundle,org.eclipse.jpt.eclipselink.core,1.2.0.v200905310000,"org.eclipse.jpt.eclipselink.core",1277282084110
stopped,bundle,org.eclipse.jpt.core,2.2.1.v200908270220,"org.eclipse.jpt.core",1277282084111
stopped,bundle,org.eclipse.jpt.db,1.2.102.v200911250220,"org.eclipse.jpt.db",1277282084112
stopped,bundle,org.eclipse.datatools.enablement.jdt.classpath,1.0.1.v200909240342,"org.eclipse.datatools.enablement.jdt.classpath",1277282084112
stopped,bundle,org.eclipse.iam.dependency.analysis,0.11.0.201001181900,"org.eclipse.iam.dependency.analysis",1277282084112
stopped,bundle,org.eclipse.iam.dependency.viewer,0.11.0.201001181900,"org.eclipse.iam.dependency.viewer",1277282084112
stopped,bundle,org.eclipse.iam.teamsupport,0.11.0.201001181900,"org.eclipse.iam.teamsupport",1277282084112
stopped,bundle,org.eclipse.iam.wizard,0.11.0.201001181900,"org.eclipse.iam.wizard",1277282084112
stopped,bundle,org.eclipse.iam.jdt.ui,0.11.0.201001181900,"org.eclipse.iam.jdt.ui",1277282084112
stopped,bundle,org.eclipse.iam.pomeditor,0.11.0.201001181900,"org.eclipse.iam.pomeditor",1277282084112
stopped,bundle,org.eclipse.iam.ui,0.11.0.201001181900,"org.eclipse.iam.ui",1277282084112
stopped,bundle,org.eclipse.jdt.apt.ui,3.3.200.v20090930-2100_R35x,"org.eclipse.jdt.apt.ui",1277282084113
stopped,bundle,org.eclipse.jst.common.project.facet.ui,1.4.1.v200912011928,"org.eclipse.jst.common.project.facet.ui",1277282084113
stopped,bundle,org.eclipse.jst.jsf.core,1.2.5.v201001271707,"org.eclipse.jst.jsf.core",1277282084113
stopped,bundle,org.eclipse.jst.jsf.standard.tagsupport,1.1.205.v201002101327,"org.eclipse.jst.jsf.standard.tagsupport",1277282084113
stopped,bundle,org.eclipse.jst.pagedesigner.jsp.core,1.1.3.v201002111131,"org.eclipse.jst.pagedesigner.jsp.core",1277282084113
stopped,bundle,org.eclipse.jst.jsf.common,1.1.9.v201001271707,"org.eclipse.jst.jsf.common",1277282084113
stopped,bundle,com.mountainminds.eclemma.ui,1.4.3,"com.mountainminds.eclemma.ui",1277282084113
stopped,bundle,com.collabnet.subversion.merge,2.0.1,"com.collabnet.subversion.merge",1277282084150
stopped,bundle,org.tigris.subversion.subclipse.graph,1.0.7,"org.tigris.subversion.subclipse.graph",1277282084151
stopped,bundle,org.tigris.subversion.subclipse.mylyn,3.0.0,"org.tigris.subversion.subclipse.mylyn",1277282084151
stopped,bundle,org.tigris.subversion.subclipse.ui,1.6.10,"org.tigris.subversion.subclipse.ui",1277282084197
stopped,bundle,org.eclipse.jdt.ui,3.5.2.r352_v20100106-0800,"org.eclipse.jdt.ui",1277282084233
stopped,bundle,org.eclipse.mylyn.bugzilla.ui,3.3.2.v20100222-0100-e3x,"org.eclipse.mylyn.bugzilla.ui",1277282084233
stopped,bundle,org.eclipse.mylyn.ide.ui,3.3.2.v20100222-0100-e3x,"org.eclipse.mylyn.ide.ui",1277282084233
stopped,bundle,org.eclipse.mylyn.team.ui,3.3.2.v20100222-0100-e3x,"org.eclipse.mylyn.team.ui",1277282084234
stopped,bundle,org.eclipse.mylyn.resources.ui,3.3.2.v20100222-0100-e3x,"org.eclipse.mylyn.resources.ui",1277282084234
stopped,bundle,org.eclipse.mylyn.wikitext.tasks.ui,1.2.1.v20100222-0100-e3x,"org.eclipse.mylyn.wikitext.tasks.ui",1277282084234
stopped,bundle,org.eclipse.mylyn.context.ui,3.3.2.v20100222-0100-e3x,"org.eclipse.mylyn.context.ui",1277282084234
stopped,bundle,org.eclipse.mylyn.help.ui,3.3.2.v20100222-0100-e3x,"org.eclipse.mylyn.help.ui",1277282084234
stopped,bundle,org.eclipse.mylyn.tasks.bugs,3.3.2.v20100222-0100-e3x,"org.eclipse.mylyn.tasks.bugs",1277282084235
stopped,bundle,org.eclipse.mylyn.tasks.ui,3.3.2.v20100222-0100-e3x,"org.eclipse.mylyn.tasks.ui",1277282084235
stopped,bundle,org.eclipse.wst.jsdt.support.firefox,1.0.200.v200904290357,"org.eclipse.wst.jsdt.support.firefox",1277282084235
stopped,bundle,org.eclipse.wst.jsdt.ui,1.0.201.v2010012803,"org.eclipse.wst.jsdt.ui",1277282084235
stopped,bundle,org.eclipse.wst.sse.ui,1.1.102.v200910200227,"org.eclipse.wst.sse.ui",1277282084235
stopped,bundle,org.eclipse.search,3.5.1.r351_v20090708-0800,"org.eclipse.search",1277282084235
stopped,bundle,org.eclipse.ltk.ui.refactoring,3.4.100.v20090604,"org.eclipse.ltk.ui.refactoring",1277282084235
stopped,bundle,org.eclipse.egit.ui,0.6.0.201001271947,"org.eclipse.egit.ui",1277282084235
stopped,bundle,org.eclipse.team.cvs.ui,3.3.202.r35x_20090930-0800,"org.eclipse.team.cvs.ui",1277282084284
stopped,bundle,org.eclipse.team.svn.ui,0.7.8.I20091023-1300,"org.eclipse.team.svn.ui",1277282084284
stopped,bundle,org.eclipse.team.ui,3.5.0.I20090430-0408,"org.eclipse.team.ui",1277282084285
stopped,bundle,org.eclipse.compare,3.5.0.I20090514-0808,"org.eclipse.compare",1277282084286
stopped,bundle,org.eclipse.datatools.enablement.ingres.ui,1.0.0.v200906111150,"org.eclipse.datatools.enablement.ingres.ui",1277282084287
stopped,bundle,org.eclipse.datatools.sqltools.routineeditor.ui,1.0.0.v200906022302,"org.eclipse.datatools.sqltools.routineeditor.ui",1277282084287
stopped,bundle,org.eclipse.datatools.sqltools.sqlscrapbook,1.0.0.v200906022302,"org.eclipse.datatools.sqltools.sqlscrapbook",1277282084287
stopped,bundle,org.eclipse.datatools.sqltools.db.derby.ui,1.0.0.v200906020900,"org.eclipse.datatools.sqltools.db.derby.ui",1277282084288
stopped,bundle,org.eclipse.datatools.sqltools.db.generic.ui,1.0.0.v200906020900,"org.eclipse.datatools.sqltools.db.generic.ui",1277282084288
stopped,bundle,org.eclipse.datatools.sqltools.sqlbuilder,1.0.0.v201001200600,"org.eclipse.datatools.sqltools.sqlbuilder",1277282084288
stopped,bundle,org.eclipse.datatools.enablement.sybase.asa.ui,1.0.1.v200906111150,"org.eclipse.datatools.enablement.sybase.asa.ui",1277282084288
stopped,bundle,org.eclipse.datatools.enablement.sybase.ase.ui,1.0.1.v200906020900,"org.eclipse.datatools.enablement.sybase.ase.ui",1277282084289
stopped,bundle,org.eclipse.datatools.sqltools.ddlgen.ui,1.0.0.v200906022302,"org.eclipse.datatools.sqltools.ddlgen.ui",1277282084289
stopped,bundle,org.eclipse.datatools.sqltools.debugger.core,1.0.0.v200906022302,"org.eclipse.datatools.sqltools.debugger.core",1277282084289
stopped,bundle,org.eclipse.datatools.sqltools.schemaobjecteditor.ui.pages,1.1.0.200810071,"org.eclipse.datatools.sqltools.schemaobjecteditor.ui.pages",1277282084290
stopped,bundle,org.eclipse.datatools.sqltools.schemaobjecteditor.ui,1.1.0.200810071,"org.eclipse.datatools.sqltools.schemaobjecteditor.ui",1277282084290
stopped,bundle,org.eclipse.datatools.sqltools.sqleditor,1.0.1.v200912241345,"org.eclipse.datatools.sqltools.sqleditor",1277282084290
stopped,bundle,org.eclipse.datatools.sqltools.editor.core.ui,1.0.0.v201001150815,"org.eclipse.datatools.sqltools.editor.core.ui",1277282084291
stopped,bundle,org.eclipse.datatools.sqltools.plan,1.0.0.v200906022302,"org.eclipse.datatools.sqltools.plan",1277282084291
stopped,bundle,org.eclipse.datatools.sqltools.data.ui,1.1.2.v200912080845,"org.eclipse.datatools.sqltools.data.ui",1277282084291
stopped,bundle,org.eclipse.datatools.sqltools.tabledataeditor,1.0.0.v200906022302,"org.eclipse.datatools.sqltools.tabledataeditor",1277282084291
stopped,bundle,org.eclipse.datatools.sqltools.result.ui,1.0.2.v201002011830,"org.eclipse.datatools.sqltools.result.ui",1277282084292
stopped,bundle,org.eclipse.datatools.sqltools.common.ui,1.0.0.v200906022302,"org.eclipse.datatools.sqltools.common.ui",1277282084292
stopped,bundle,org.eclipse.ui.externaltools,3.2.0.v20090504,"org.eclipse.ui.externaltools",1277282084292
stopped,bundle,org.eclipse.wst.server.preview.adapter,1.1.0.v20090311b,"org.eclipse.wst.server.preview.adapter",1277282084292
stopped,bundle,org.eclipse.wst.server.http.ui,1.0.200.v20090113,"org.eclipse.wst.server.http.ui",1277282084293
stopped,bundle,org.eclipse.wst.server.ui,1.1.103.v20100123,"org.eclipse.wst.server.ui",1277282084307
stopped,bundle,org.eclipse.debug.ui,3.5.1.v20090811_r351,"org.eclipse.debug.ui",1277282084339
stopped,bundle,org.eclipse.rse.subsystems.files.dstore,2.1.100.v200905272300,"org.eclipse.rse.subsystems.files.dstore",1277282084339
stopped,bundle,org.eclipse.rse.subsystems.processes.dstore,2.1.100.v200905272300,"org.eclipse.rse.subsystems.processes.dstore",1277282084339
stopped,bundle,org.eclipse.rse.subsystems.shells.dstore,2.1.100.v200905272300,"org.eclipse.rse.subsystems.shells.dstore",1277282084339
stopped,bundle,org.eclipse.rse.connectorservice.dstore,3.1.1.v200909160005,"org.eclipse.rse.connectorservice.dstore",1277282084340
stopped,bundle,org.eclipse.rse.subsystems.files.local,2.1.101.v200907301400,"org.eclipse.rse.subsystems.files.local",1277282084341
stopped,bundle,org.eclipse.rse.subsystems.processes.local,2.1.100.v200905272300,"org.eclipse.rse.subsystems.processes.local",1277282084341
stopped,bundle,org.eclipse.rse.subsystems.shells.local,2.1.100.v200905272300,"org.eclipse.rse.subsystems.shells.local",1277282084341
stopped,bundle,org.eclipse.rse.connectorservice.local,2.1.100.v200905272300,"org.eclipse.rse.connectorservice.local",1277282084342
stopped,bundle,org.eclipse.rse.subsystems.files.ssh,2.1.100.v200905272300,"org.eclipse.rse.subsystems.files.ssh",1277282084342
stopped,bundle,org.eclipse.rse.subsystems.shells.ssh,2.1.100.v200905272300,"org.eclipse.rse.subsystems.shells.ssh",1277282084342
stopped,bundle,org.eclipse.rse.subsystems.terminals.ssh,1.0.1.v200908051630,"org.eclipse.rse.subsystems.terminals.ssh",1277282084343
stopped,bundle,org.eclipse.rse.connectorservice.ssh,2.1.100.v200905272300,"org.eclipse.rse.connectorservice.ssh",1277282084343
stopped,bundle,org.eclipse.rse.connectorservice.telnet,1.2.1.v200908051630,"org.eclipse.rse.connectorservice.telnet",1277282084344
stopped,bundle,org.eclipse.rse.dstore.security,3.0.100.v200905272300,"org.eclipse.rse.dstore.security",1277282084344
stopped,bundle,org.eclipse.rse.efs,2.1.100.v200905272300,"org.eclipse.rse.efs",1277282084344
stopped,bundle,org.eclipse.rse.subsystems.files.ftp,2.1.100.v200905272300,"org.eclipse.rse.subsystems.files.ftp",1277282084344
stopped,bundle,org.eclipse.rse.subsystems.shells.core,3.1.0.v200905272300,"org.eclipse.rse.subsystems.shells.core",1277282084346
stopped,bundle,org.eclipse.rse.subsystems.files.core,3.1.1.v200909160005,"org.eclipse.rse.subsystems.files.core",1277282084346
stopped,bundle,org.eclipse.rse.subsystems.processes.shell.linux,1.1.100.v200905272300,"org.eclipse.rse.subsystems.processes.shell.linux",1277282084347
stopped,bundle,org.eclipse.rse.subsystems.processes.core,3.1.0.v200905272300,"org.eclipse.rse.subsystems.processes.core",1277282084349
stopped,bundle,org.eclipse.rse.terminals.ui,1.0.1.v200908061445,"org.eclipse.rse.terminals.ui",1277282084349
stopped,bundle,org.eclipse.rse.subsystems.terminals.core,1.0.1.v200908051630,"org.eclipse.rse.subsystems.terminals.core",1277282084350
stopped,bundle,org.eclipse.rse.ui,3.1.1.v200909160005,"org.eclipse.rse.ui",1277282084350
stopped,bundle,org.hibernate.eclipse,3.2.4.GA-R200905070146-H18,"org.hibernate.eclipse",1277282084369
stopped,bundle,org.eclipse.ui.console,3.4.0.v20090513,"org.eclipse.ui.console",1277282084369
stopped,bundle,org.eclipse.mylyn.commons.ui,3.3.2.v20100222-0100-e3x,"org.eclipse.mylyn.commons.ui",1277282084369
stopped,bundle,org.eclipse.mylyn.wikitext.ui,1.2.1.v20100222-0100-e3x,"org.eclipse.mylyn.wikitext.ui",1277282084369
stopped,bundle,org.eclipse.ui.editors,3.5.0.v20090527-2000,"org.eclipse.ui.editors",1277282084370
stopped,bundle,org.eclipse.datatools.connectivity.ui.dse,1.1.3.v201001270323,"org.eclipse.datatools.connectivity.ui.dse",1277282084370
stopped,bundle,org.eclipse.ui.navigator.resources,3.4.1.M20090826-0800,"org.eclipse.ui.navigator.resources",1277282084370
stopped,bundle,org.eclipse.wst.common.snippets,1.1.301.v201001280015,"org.eclipse.wst.common.snippets",1277282084370
stopped,bundle,org.eclipse.ui.workbench.texteditor,3.5.0.v20090603,"org.eclipse.ui.workbench.texteditor",1277282084370
stopped,bundle,org.eclipse.compare.core,3.5.0.I20090430-0408,"org.eclipse.compare.core",1277282084370
stopped,bundle,org.eclipse.iam.pom.model.edit,0.11.0.201001181900,"org.eclipse.iam.pom.model.edit",1277282084370
stopped,bundle,org.eclipse.emf.databinding.edit,1.1.0.v200906151043,"org.eclipse.emf.databinding.edit",1277282084370
stopped,bundle,org.eclipse.emf.databinding,1.1.0.v200906151043,"org.eclipse.emf.databinding",1277282084370
stopped,bundle,org.eclipse.emf.exporter,2.5.0.v200906151043,"org.eclipse.emf.exporter",1277282084370
stopped,bundle,org.eclipse.emf.importer.ecore,2.4.0.v200906151043,"org.eclipse.emf.importer.ecore",1277282084371
stopped,bundle,org.eclipse.emf.importer.java,2.5.0.v200906151043,"org.eclipse.emf.importer.java",1277282084371
stopped,bundle,org.eclipse.emf.importer.rose,2.5.0.v200906151043,"org.eclipse.emf.importer.rose",1277282084371
stopped,bundle,org.eclipse.emf.importer,2.5.0.v200906151043,"org.eclipse.emf.importer",1277282084371
stopped,bundle,org.eclipse.emf.converter,2.5.0.v200906151043,"org.eclipse.emf.converter",1277282084371
stopped,bundle,org.eclipse.emf.codegen.ecore.ui,2.5.0.v200906151043,"org.eclipse.emf.codegen.ecore.ui",1277282084371
stopped,bundle,org.eclipse.emf.mapping.ecore2ecore.editor,2.4.0.v200906151043,"org.eclipse.emf.mapping.ecore2ecore.editor",1277282084371
stopped,bundle,org.eclipse.emf.ecore.editor,2.5.0.v200906151043,"org.eclipse.emf.ecore.editor",1277282084371
stopped,bundle,org.eclipse.emf.mapping.ecore2xml.ui,2.5.0.v200906151043,"org.eclipse.emf.mapping.ecore2xml.ui",1277282084371
stopped,bundle,org.eclipse.emf.mapping.ui,2.5.0.v200906151043,"org.eclipse.emf.mapping.ui",1277282084372
stopped,bundle,org.eclipse.jst.jsf.facesconfig,1.1.3.v20090902,"org.eclipse.jst.jsf.facesconfig",1277282084372
stopped,bundle,org.eclipse.datatools.connectivity.apache.derby.ui,1.0.1.v200906020900,"org.eclipse.datatools.connectivity.apache.derby.ui",1277282084372
stopped,bundle,org.eclipse.datatools.enablement.hsqldb.ui,1.0.0.v200906020900,"org.eclipse.datatools.enablement.hsqldb.ui",1277282084372
stopped,bundle,org.eclipse.datatools.enablement.sqlite.ui,1.0.0.v200906020900,"org.eclipse.datatools.enablement.sqlite.ui",1277282084372
stopped,bundle,org.eclipse.datatools.enablement.sybase.ui,1.0.0.v200906090458,"org.eclipse.datatools.enablement.sybase.ui",1277282084373
stopped,bundle,org.eclipse.datatools.connectivity.sqm.server.ui,1.1.100.v200910270503,"org.eclipse.datatools.connectivity.sqm.server.ui",1277282084373
stopped,bundle,org.eclipse.emf.edit.ui,2.5.0.v200906151043,"org.eclipse.emf.edit.ui",1277282084373
stopped,bundle,org.eclipse.datatools.capabilities,1.0.0.v20090611-0411,"org.eclipse.datatools.capabilities",1277282084374
stopped,bundle,org.eclipse.datatools.enablement.postgresql.ui,1.0.0.v200906020900,"org.eclipse.datatools.enablement.postgresql.ui",1277282084374
stopped,bundle,org.eclipse.datatools.connectivity.db.generic.ui,1.0.1.v200906020900,"org.eclipse.datatools.connectivity.db.generic.ui",1277282084374
stopped,bundle,org.eclipse.datatools.enablement.ibm.db2.iseries.ui,1.0.0.v200906020900,"org.eclipse.datatools.enablement.ibm.db2.iseries.ui",1277282084374
stopped,bundle,org.eclipse.datatools.enablement.ibm.db2.luw.ui,1.0.1.v200906020900,"org.eclipse.datatools.enablement.ibm.db2.luw.ui",1277282084374
stopped,bundle,org.eclipse.datatools.enablement.ibm.db2.zseries.ui,1.0.0.v200906020900,"org.eclipse.datatools.enablement.ibm.db2.zseries.ui",1277282084374
stopped,bundle,org.eclipse.datatools.enablement.ibm.informix.ui,1.0.1.v200906020900,"org.eclipse.datatools.enablement.ibm.informix.ui",1277282084374
stopped,bundle,org.eclipse.datatools.enablement.ibm.ui,1.0.0.v200906020900,"org.eclipse.datatools.enablement.ibm.ui",1277282084374
stopped,bundle,org.eclipse.datatools.enablement.msft.sqlserver.ui,1.0.1.v200908130512,"org.eclipse.datatools.enablement.msft.sqlserver.ui",1277282084375
stopped,bundle,org.eclipse.datatools.enablement.mysql.ui,1.0.0.v200906020900,"org.eclipse.datatools.enablement.mysql.ui",1277282084375
stopped,bundle,org.eclipse.datatools.enablement.oracle.ui,1.0.1.v200906020900,"org.eclipse.datatools.enablement.oracle.ui",1277282084375
stopped,bundle,org.eclipse.datatools.enablement.sap.maxdb.ui,1.0.0.v200906020900,"org.eclipse.datatools.enablement.sap.maxdb.ui",1277282084375
stopped,bundle,org.eclipse.datatools.connectivity.sqm.core.ui,1.1.100.v200910270525,"org.eclipse.datatools.connectivity.sqm.core.ui",1277282084375
stopped,bundle,org.eclipse.datatools.connectivity.oda.flatfile.ui,3.1.1.v201001131420,"org.eclipse.datatools.connectivity.oda.flatfile.ui",1277282084375
stopped,bundle,org.eclipse.datatools.enablement.oda.ws.ui,1.2.2.v201001260400,"org.eclipse.datatools.enablement.oda.ws.ui",1277282084375
stopped,bundle,org.eclipse.datatools.enablement.oda.xml.ui,1.2.1.v201001191820,"org.eclipse.datatools.enablement.oda.xml.ui",1277282084375
stopped,bundle,org.eclipse.datatools.connectivity.oda.design.ui,3.2.2.v201001210350,"org.eclipse.datatools.connectivity.oda.design.ui",1277282084375
stopped,bundle,org.eclipse.datatools.connectivity.ui,1.1.5.v201001190218,"org.eclipse.datatools.connectivity.ui",1277282084375
stopped,bundle,org.eclipse.datatools.sqltools.sql.ui,1.0.0.v200906022302,"org.eclipse.datatools.sqltools.sql.ui",1277282084375
stopped,bundle,org.eclipse.rse.services.dstore,3.1.1.v200909160005,"org.eclipse.rse.services.dstore",1277282084377
stopped,bundle,org.eclipse.dstore.core,3.1.1.v200909160005,"org.eclipse.dstore.core",1277282084377
stopped,bundle,org.eclipse.dstore.extra,2.1.101.v200907301400,"org.eclipse.dstore.extra",1277282084377
stopped,bundle,org.eclipse.emf.codegen.ui,2.5.0.v200906151043,"org.eclipse.emf.codegen.ui",1277282084378
stopped,bundle,org.eclipse.emf.common.ui,2.5.0.v200906151043,"org.eclipse.emf.common.ui",1277282084378
stopped,bundle,org.eclipse.equinox.p2.ui.sdk,1.0.100.v20090520-1905,"org.eclipse.equinox.p2.ui.sdk",1277282084378
stopped,bundle,org.eclipse.equinox.p2.ui.sdk.scheduler,1.0.0.v20090520-1905,"org.eclipse.equinox.p2.ui.sdk.scheduler",1277282084378
stopped,bundle,org.eclipse.wst.server.discovery,1.0.1.v20100210,"org.eclipse.wst.server.discovery",1277282084379
stopped,bundle,org.eclipse.equinox.p2.ui,1.0.101.R35x_v20090819,"org.eclipse.equinox.p2.ui",1277282084379
stopped,bundle,org.eclipse.equinox.security.ui,1.0.100.v20090520-1800,"org.eclipse.equinox.security.ui",1277282084379
stopped,bundle,org.eclipse.ui.cheatsheets,3.3.200.v20090526,"org.eclipse.ui.cheatsheets",1277282084379
stopped,bundle,org.hibernate.eclipse.help,3.2.4.GA-R200905070146-H18,"org.hibernate.eclipse.help",1277282084379
stopped,bundle,org.eclipse.help.ui,3.4.1.v20090819_35x,"org.eclipse.help.ui",1277282084380
stopped,bundle,org.eclipse.jem.beaninfo,2.0.300.v200905030615,"org.eclipse.jem.beaninfo",1277282084380
stopped,bundle,org.eclipse.jst.j2ee.ejb.annotation.model,1.1.102.v200805140020,"org.eclipse.jst.j2ee.ejb.annotation.model",1277282084380
stopped,bundle,org.eclipse.jst.j2ee.webservice,1.1.300.v200901220600,"org.eclipse.jst.j2ee.webservice",1277282084380
stopped,bundle,org.eclipse.jst.ws.axis.consumption.core,1.0.306.v200810082309,"org.eclipse.jst.ws.axis.consumption.core",1277282084380
stopped,bundle,org.eclipse.jst.ws.axis2.core,1.0.104.v200810151442,"org.eclipse.jst.ws.axis2.core",1277282084380
stopped,bundle,org.eclipse.jst.ws.consumption,1.0.408.v200911241817,"org.eclipse.jst.ws.consumption",1277282084380
stopped,bundle,org.eclipse.jst.ws,1.0.407.v200905191120,"org.eclipse.jst.ws",1277282084380
stopped,bundle,org.eclipse.iam.wtp.core,0.11.0.201001181900,"org.eclipse.iam.wtp.core",1277282084380
stopped,bundle,org.eclipse.jst.jee.ejb,1.0.201.v201002021057,"org.eclipse.jst.jee.ejb",1277282084380
stopped,bundle,org.eclipse.jst.j2ee.ejb,1.1.301.v201001252130,"org.eclipse.jst.j2ee.ejb",1277282084381
stopped,bundle,org.eclipse.jst.jee.web,1.0.201.v201002031231,"org.eclipse.jst.jee.web",1277282084381
stopped,bundle,org.eclipse.jst.j2ee.web,1.1.301.v200911302230,"org.eclipse.jst.j2ee.web",1277282084381
stopped,bundle,org.eclipse.jst.jee,1.0.201.v201002021055,"org.eclipse.jst.jee",1277282084381
stopped,bundle,org.eclipse.jst.j2ee.jca,1.1.301.v201001252130,"org.eclipse.jst.j2ee.jca",1277282084381
stopped,bundle,org.eclipse.jst.j2ee,1.1.301.v201001272230,"org.eclipse.jst.j2ee",1277282084381
stopped,bundle,org.eclipse.jst.common.frameworks,1.1.301.v201001252130,"org.eclipse.jst.common.frameworks",1277282084381
stopped,bundle,org.eclipse.jem.workbench,2.0.201.v200911302230,"org.eclipse.jem.workbench",1277282084381
stopped,bundle,org.eclipse.jst.j2ee.core,1.1.301.v200911302230,"org.eclipse.jst.j2ee.core",1277282084381
stopped,bundle,org.eclipse.jem,2.0.301.v201001252130,"org.eclipse.jem",1277282084381
stopped,bundle,org.eclipse.jem.proxy,2.0.201.v200908101600,"org.eclipse.jem.proxy",1277282084381
stopped,bundle,org.eclipse.jsch.ui,1.1.200.I20090430-0408,"org.eclipse.jsch.ui",1277282084381
stopped,bundle,org.eclipse.tm.terminal.ssh,2.0.100.v200905272300,"org.eclipse.tm.terminal.ssh",1277282084381
stopped,bundle,org.eclipse.tm.terminal.view,2.0.101.v200907301400,"org.eclipse.tm.terminal.view",1277282084381
stopped,bundle,org.eclipse.mylyn.monitor.ui,3.3.2.v20100222-0100-e3x,"org.eclipse.mylyn.monitor.ui",1277282084384
stopped,bundle,org.eclipse.ui.browser,3.2.300.v20090526,"org.eclipse.ui.browser",1277282084384
stopped,bundle,org.eclipse.ui.views.log,1.0.100.v20090731,"org.eclipse.ui.views.log",1277282084384
stopped,bundle,org.eclipse.wst.ws.explorer,1.0.408.v200911241806,"org.eclipse.wst.ws.explorer",1277282084384
stopped,bundle,org.eclipse.wst.ws.ui,1.1.100.v200903112221,"org.eclipse.wst.ws.ui",1277282084385
stopped,bundle,org.eclipse.wst.command.env.ui,1.1.2.v200811200248,"org.eclipse.wst.command.env.ui",1277282084385
stopped,bundle,org.eclipse.wst.validation.ui,1.2.104.v200904232035,"org.eclipse.wst.validation.ui",1277282084385
stopped,bundle,org.eclipse.wst.common.frameworks.ui,1.1.301.v200908101600,"org.eclipse.wst.common.frameworks.ui",1277282084385
stopped,bundle,org.eclipse.wst.common.project.facet.ui,1.4.1.v200908111817,"org.eclipse.wst.common.project.facet.ui",1277282084385
stopped,bundle,org.eclipse.wst.xsl.jaxp.launching,1.0.0.v200904240436,"org.eclipse.wst.xsl.jaxp.launching",1277282084385
stopped,bundle,org.eclipse.wst.xsl.launching,1.0.0.v200904241348,"org.eclipse.wst.xsl.launching",1277282084385
stopped,bundle,org.eclipse.wst.internet.monitor.ui,1.0.305.v20100123,"org.eclipse.wst.internet.monitor.ui",1277282084385
stopped,bundle,org.eclipse.ui.ide,3.5.1.M20090826-0800,"org.eclipse.ui.ide",1277282084430
stopped,bundle,org.eclipse.epp.usagedata.ui,1.1.1.R201001291118,"org.eclipse.epp.usagedata.ui",1277282084430
stopped,bundle,org.eclipse.ui.intro.universal,3.2.300.v20090526,"org.eclipse.ui.intro.universal",1277282084430
stopped,bundle,org.eclipse.wtp.epp.package.jee.intro,1.2.0.20090617-0522,"org.eclipse.wtp.epp.package.jee.intro",1277282084430
stopped,bundle,org.eclipse.ui.intro,3.3.1.v20090805_35x,"org.eclipse.ui.intro",1277282084431
